<?xml version="1.0" encoding="UTF-8"?>
<hibernate-generic datetime="2023-04-12 07:54:02">
<object class="Space" package="com.atlassian.confluence.spaces">
<id name="id">6979586</id>
<property name="name"><![CDATA[空白空间]]></property>
<property name="key"><![CDATA[NULLSPACE]]></property>
<property name="lowerKey"><![CDATA[nullspace]]></property>
<property name="description" class="SpaceDescription" package="com.atlassian.confluence.spaces"><id name="id">6946831</id>
</property>
<collection name="permissions" class="java.util.Collection"><element class="SpacePermission" package="com.atlassian.confluence.security"><id name="id">7045163</id>
</element>
<element class="SpacePermission" package="com.atlassian.confluence.security"><id name="id">7045162</id>
</element>
<element class="SpacePermission" package="com.atlassian.confluence.security"><id name="id">7045161</id>
</element>
<element class="SpacePermission" package="com.atlassian.confluence.security"><id name="id">7045160</id>
</element>
<element class="SpacePermission" package="com.atlassian.confluence.security"><id name="id">7045159</id>
</element>
<element class="SpacePermission" package="com.atlassian.confluence.security"><id name="id">7045158</id>
</element>
<element class="SpacePermission" package="com.atlassian.confluence.security"><id name="id">7045157</id>
</element>
<element class="SpacePermission" package="com.atlassian.confluence.security"><id name="id">7045156</id>
</element>
<element class="SpacePermission" package="com.atlassian.confluence.security"><id name="id">7045155</id>
</element>
<element class="SpacePermission" package="com.atlassian.confluence.security"><id name="id">7045154</id>
</element>
<element class="SpacePermission" package="com.atlassian.confluence.security"><id name="id">7045153</id>
</element>
<element class="SpacePermission" package="com.atlassian.confluence.security"><id name="id">7045152</id>
</element>
<element class="SpacePermission" package="com.atlassian.confluence.security"><id name="id">7045151</id>
</element>
<element class="SpacePermission" package="com.atlassian.confluence.security"><id name="id">7045150</id>
</element>
<element class="SpacePermission" package="com.atlassian.confluence.security"><id name="id">7045149</id>
</element>
<element class="SpacePermission" package="com.atlassian.confluence.security"><id name="id">7045148</id>
</element>
<element class="SpacePermission" package="com.atlassian.confluence.security"><id name="id">7045147</id>
</element>
<element class="SpacePermission" package="com.atlassian.confluence.security"><id name="id">7045146</id>
</element>
<element class="SpacePermission" package="com.atlassian.confluence.security"><id name="id">7045145</id>
</element>
<element class="SpacePermission" package="com.atlassian.confluence.security"><id name="id">7045144</id>
</element>
<element class="SpacePermission" package="com.atlassian.confluence.security"><id name="id">7045143</id>
</element>
<element class="SpacePermission" package="com.atlassian.confluence.security"><id name="id">7045142</id>
</element>
</collection>
<property name="creator" class="ConfluenceUserImpl" package="com.atlassian.confluence.user"><id name="key"><![CDATA[2c91808386c486b10186c5ef7c520006]]></id>
</property>
<property name="creationDate">2023-04-11 10:08:23.908</property>
<property name="lastModifier" class="ConfluenceUserImpl" package="com.atlassian.confluence.user"><id name="key"><![CDATA[2c91808386c486b10186c5ef7c520006]]></id>
</property>
<property name="lastModificationDate">2023-04-11 10:08:23.908</property>
<property name="spaceType">global</property>
<property name="spaceStatus" enum-class="SpaceStatus" package="com.atlassian.confluence.spaces">CURRENT</property>
</object>
<object class="Page" package="com.atlassian.confluence.pages">
<id name="id">6946833</id>
<property name="hibernateVersion">1</property>
<property name="title"><![CDATA[空白空间 主页]]></property>
<property name="lowerTitle"><![CDATA[空白空间 主页]]></property>
<collection name="bodyContents" class="java.util.Collection"><element class="BodyContent" package="com.atlassian.confluence.core"><id name="id">7012363</id>
</element>
</collection>
<collection name="contentProperties" class="java.util.Collection"><element class="ContentProperty" package="com.atlassian.confluence.content"><id name="id">6717546</id>
</element>
<element class="ContentProperty" package="com.atlassian.confluence.content"><id name="id">6717545</id>
</element>
</collection>
<property name="version">1</property>
<property name="creator" class="ConfluenceUserImpl" package="com.atlassian.confluence.user"><id name="key"><![CDATA[2c91808386c486b10186c5ef7c520006]]></id>
</property>
<property name="creationDate"/><property name="lastModifier" class="ConfluenceUserImpl" package="com.atlassian.confluence.user"><id name="key"><![CDATA[2c91808386c486b10186c5ef7c520006]]></id>
</property>
<property name="lastModificationDate"/><property name="versionComment"><![CDATA[]]></property>
<property name="originalVersion" class="Page" package="com.atlassian.confluence.pages"><id name="id">6946832</id>
</property>
<property name="contentStatus"><![CDATA[draft]]></property>
<property name="space" class="Space" package="com.atlassian.confluence.spaces"><id name="id">6979586</id>
</property>
<property name="position"/></object>
<object class="Page" package="com.atlassian.confluence.pages">
<id name="id">6946832</id>
<property name="hibernateVersion">3</property>
<property name="title"><![CDATA[空白空间 主页]]></property>
<property name="lowerTitle"><![CDATA[空白空间 主页]]></property>
<collection name="bodyContents" class="java.util.Collection"><element class="BodyContent" package="com.atlassian.confluence.core"><id name="id">7012362</id>
</element>
</collection>
<collection name="contentProperties" class="java.util.Collection"><element class="ContentProperty" package="com.atlassian.confluence.content"><id name="id">6717544</id>
</element>
<element class="ContentProperty" package="com.atlassian.confluence.content"><id name="id">6717543</id>
</element>
<element class="ContentProperty" package="com.atlassian.confluence.content"><id name="id">6717542</id>
</element>
<element class="ContentProperty" package="com.atlassian.confluence.content"><id name="id">6717541</id>
</element>
<element class="ContentProperty" package="com.atlassian.confluence.content"><id name="id">6717540</id>
</element>
</collection>
<property name="version">1</property>
<property name="creator" class="ConfluenceUserImpl" package="com.atlassian.confluence.user"><id name="key"><![CDATA[2c91808386c486b10186c5ef7c520006]]></id>
</property>
<property name="creationDate">2023-04-11 10:08:23.939</property>
<property name="lastModifier" class="ConfluenceUserImpl" package="com.atlassian.confluence.user"><id name="key"><![CDATA[2c91808386c486b10186c5ef7c520006]]></id>
</property>
<property name="lastModificationDate">2023-04-11 10:08:23.939</property>
<property name="versionComment"><![CDATA[]]></property>
<property name="contentStatus"><![CDATA[deleted]]></property>
<property name="space" class="Space" package="com.atlassian.confluence.spaces"><id name="id">6979586</id>
</property>
<property name="position"/></object>
<object class="Notification" package="com.atlassian.confluence.mail.notification">
<id name="id">7077892</id>
<property name="content" class="Page" package="com.atlassian.confluence.pages"><id name="id">6946832</id>
</property>
<property name="receiver" class="ConfluenceUserImpl" package="com.atlassian.confluence.user"><id name="key"><![CDATA[2c91808386c486b10186c5ef7c520006]]></id>
</property>
<property name="creator" class="ConfluenceUserImpl" package="com.atlassian.confluence.user"><id name="key"><![CDATA[2c91808386c486b10186c5ef7c520006]]></id>
</property>
<property name="creationDate">2023-04-11 10:08:23.961</property>
<property name="lastModifier" class="ConfluenceUserImpl" package="com.atlassian.confluence.user"><id name="key"><![CDATA[2c91808386c486b10186c5ef7c520006]]></id>
</property>
<property name="lastModificationDate">2023-04-11 10:08:23.961</property>
<property name="digest">false</property>
<property name="network">false</property>
<property name="type" enum-class="ContentTypeEnum" package="com.atlassian.confluence.search.service">page</property>
</object>
<object class="ConfluenceUserImpl" package="com.atlassian.confluence.user">
<id name="key"><![CDATA[2c91808386c486b10186c5ef7c520006]]></id>
<property name="name"><![CDATA[wangweijian01]]></property>
<property name="lowerName"><![CDATA[wangweijian01]]></property>
<property name="email"><![CDATA[wangweijian01@ones.ai]]></property>
</object>
<object class="SpacePermission" package="com.atlassian.confluence.security">
<id name="id">7045162</id>
<property name="space" class="Space" package="com.atlassian.confluence.spaces"><id name="id">6979586</id>
</property>
<property name="type"><![CDATA[EDITBLOG]]></property>
<property name="group"><![CDATA[confluence-users]]></property>
<property name="allUsersSubject"/><property name="creator" class="ConfluenceUserImpl" package="com.atlassian.confluence.user"><id name="key"><![CDATA[2c91808386c486b10186c5ef7c520006]]></id>
</property>
<property name="creationDate">2023-04-11 10:08:23.910</property>
<property name="lastModifier" class="ConfluenceUserImpl" package="com.atlassian.confluence.user"><id name="key"><![CDATA[2c91808386c486b10186c5ef7c520006]]></id>
</property>
<property name="lastModificationDate">2023-04-11 10:08:23.910</property>
</object>
<object class="SpacePermission" package="com.atlassian.confluence.security">
<id name="id">7045161</id>
<property name="space" class="Space" package="com.atlassian.confluence.spaces"><id name="id">6979586</id>
</property>
<property name="type"><![CDATA[REMOVEOWNCONTENT]]></property>
<property name="group"><![CDATA[confluence-users]]></property>
<property name="allUsersSubject"/><property name="creator" class="ConfluenceUserImpl" package="com.atlassian.confluence.user"><id name="key"><![CDATA[2c91808386c486b10186c5ef7c520006]]></id>
</property>
<property name="creationDate">2023-04-11 10:08:23.910</property>
<property name="lastModifier" class="ConfluenceUserImpl" package="com.atlassian.confluence.user"><id name="key"><![CDATA[2c91808386c486b10186c5ef7c520006]]></id>
</property>
<property name="lastModificationDate">2023-04-11 10:08:23.910</property>
</object>
<object class="SpacePermission" package="com.atlassian.confluence.security">
<id name="id">7045163</id>
<property name="space" class="Space" package="com.atlassian.confluence.spaces"><id name="id">6979586</id>
</property>
<property name="type"><![CDATA[VIEWSPACE]]></property>
<property name="group"/><property name="userSubject" class="ConfluenceUserImpl" package="com.atlassian.confluence.user"><id name="key"><![CDATA[2c9180838576a4eb018576a6582c0000]]></id>
</property>
<property name="allUsersSubject"/><property name="creator" class="ConfluenceUserImpl" package="com.atlassian.confluence.user"><id name="key"><![CDATA[2c91808386c486b10186c5ef7c520006]]></id>
</property>
<property name="creationDate">2023-04-11 10:09:14.859</property>
<property name="lastModifier" class="ConfluenceUserImpl" package="com.atlassian.confluence.user"><id name="key"><![CDATA[2c91808386c486b10186c5ef7c520006]]></id>
</property>
<property name="lastModificationDate">2023-04-11 10:09:14.859</property>
</object>
<object class="SpaceDescription" package="com.atlassian.confluence.spaces">
<id name="id">6946831</id>
<property name="hibernateVersion">1</property>
<property name="title"/><property name="lowerTitle"/><collection name="bodyContents" class="java.util.Collection"><element class="BodyContent" package="com.atlassian.confluence.core"><id name="id">7012361</id>
</element>
</collection>
<property name="version">1</property>
<property name="creator" class="ConfluenceUserImpl" package="com.atlassian.confluence.user"><id name="key"><![CDATA[2c91808386c486b10186c5ef7c520006]]></id>
</property>
<property name="creationDate">2023-04-11 10:08:23.906</property>
<property name="lastModifier" class="ConfluenceUserImpl" package="com.atlassian.confluence.user"><id name="key"><![CDATA[2c91808386c486b10186c5ef7c520006]]></id>
</property>
<property name="lastModificationDate">2023-04-11 10:08:23.906</property>
<property name="versionComment"><![CDATA[]]></property>
<property name="contentStatus"><![CDATA[current]]></property>
<property name="space" class="Space" package="com.atlassian.confluence.spaces"><id name="id">6979586</id>
</property>
</object>
<object class="SpacePermission" package="com.atlassian.confluence.security">
<id name="id">7045142</id>
<property name="space" class="Space" package="com.atlassian.confluence.spaces"><id name="id">6979586</id>
</property>
<property name="type"><![CDATA[VIEWSPACE]]></property>
<property name="group"/><property name="userSubject" class="ConfluenceUserImpl" package="com.atlassian.confluence.user"><id name="key"><![CDATA[2c91808386c486b10186c5ef7c520006]]></id>
</property>
<property name="allUsersSubject"/><property name="creator" class="ConfluenceUserImpl" package="com.atlassian.confluence.user"><id name="key"><![CDATA[2c91808386c486b10186c5ef7c520006]]></id>
</property>
<property name="creationDate">2023-04-11 10:08:23.908</property>
<property name="lastModifier" class="ConfluenceUserImpl" package="com.atlassian.confluence.user"><id name="key"><![CDATA[2c91808386c486b10186c5ef7c520006]]></id>
</property>
<property name="lastModificationDate">2023-04-11 10:08:23.908</property>
</object>
<object class="ContentProperty" package="com.atlassian.confluence.content">
<id name="id">6717544</id>
<property name="name"><![CDATA[macroNames]]></property>
<property name="stringValue"><![CDATA[recently-updated,tip,contributors]]></property>
<property name="longValue"/><property name="dateValue"/></object>
<object class="ContentProperty" package="com.atlassian.confluence.content">
<id name="id">6717543</id>
<property name="name"><![CDATA[macro-create-events-published-for-version]]></property>
<property name="stringValue"/><property name="longValue">1</property>
<property name="dateValue"/></object>
<object class="SpacePermission" package="com.atlassian.confluence.security">
<id name="id">7045144</id>
<property name="space" class="Space" package="com.atlassian.confluence.spaces"><id name="id">6979586</id>
</property>
<property name="type"><![CDATA[COMMENT]]></property>
<property name="group"/><property name="userSubject" class="ConfluenceUserImpl" package="com.atlassian.confluence.user"><id name="key"><![CDATA[2c91808386c486b10186c5ef7c520006]]></id>
</property>
<property name="allUsersSubject"/><property name="creator" class="ConfluenceUserImpl" package="com.atlassian.confluence.user"><id name="key"><![CDATA[2c91808386c486b10186c5ef7c520006]]></id>
</property>
<property name="creationDate">2023-04-11 10:08:23.908</property>
<property name="lastModifier" class="ConfluenceUserImpl" package="com.atlassian.confluence.user"><id name="key"><![CDATA[2c91808386c486b10186c5ef7c520006]]></id>
</property>
<property name="lastModificationDate">2023-04-11 10:08:23.908</property>
</object>
<object class="ContentProperty" package="com.atlassian.confluence.content">
<id name="id">6717542</id>
<property name="name"><![CDATA[macro-count.contributors]]></property>
<property name="stringValue"><![CDATA[1-1]]></property>
<property name="longValue"/><property name="dateValue"/></object>
<object class="SpacePermission" package="com.atlassian.confluence.security">
<id name="id">7045143</id>
<property name="space" class="Space" package="com.atlassian.confluence.spaces"><id name="id">6979586</id>
</property>
<property name="type"><![CDATA[REMOVEOWNCONTENT]]></property>
<property name="group"/><property name="userSubject" class="ConfluenceUserImpl" package="com.atlassian.confluence.user"><id name="key"><![CDATA[2c91808386c486b10186c5ef7c520006]]></id>
</property>
<property name="allUsersSubject"/><property name="creator" class="ConfluenceUserImpl" package="com.atlassian.confluence.user"><id name="key"><![CDATA[2c91808386c486b10186c5ef7c520006]]></id>
</property>
<property name="creationDate">2023-04-11 10:08:23.908</property>
<property name="lastModifier" class="ConfluenceUserImpl" package="com.atlassian.confluence.user"><id name="key"><![CDATA[2c91808386c486b10186c5ef7c520006]]></id>
</property>
<property name="lastModificationDate">2023-04-11 10:08:23.908</property>
</object>
<object class="ContentProperty" package="com.atlassian.confluence.content">
<id name="id">6717541</id>
<property name="name"><![CDATA[macro-count.tip]]></property>
<property name="stringValue"><![CDATA[1-1]]></property>
<property name="longValue"/><property name="dateValue"/></object>
<object class="ContentProperty" package="com.atlassian.confluence.content">
<id name="id">6717540</id>
<property name="name"><![CDATA[macro-count.recently-updated]]></property>
<property name="stringValue"><![CDATA[1-1]]></property>
<property name="longValue"/><property name="dateValue"/></object>
<object class="ContentProperty" package="com.atlassian.confluence.content">
<id name="id">6717546</id>
<property name="name"><![CDATA[share-id]]></property>
<property name="stringValue"><![CDATA[1ba1c24a-be47-4aa5-9afe-a158a19d8b5c]]></property>
<property name="longValue"/><property name="dateValue"/></object>
<object class="ContentProperty" package="com.atlassian.confluence.content">
<id name="id">6717545</id>
<property name="name"><![CDATA[sync-rev-source]]></property>
<property name="stringValue"><![CDATA[synchrony]]></property>
<property name="longValue"/><property name="dateValue"/></object>
<object class="SpacePermission" package="com.atlassian.confluence.security">
<id name="id">7045158</id>
<property name="space" class="Space" package="com.atlassian.confluence.spaces"><id name="id">6979586</id>
</property>
<property name="type"><![CDATA[VIEWSPACE]]></property>
<property name="group"><![CDATA[confluence-users]]></property>
<property name="allUsersSubject"/><property name="creator" class="ConfluenceUserImpl" package="com.atlassian.confluence.user"><id name="key"><![CDATA[2c91808386c486b10186c5ef7c520006]]></id>
</property>
<property name="creationDate">2023-04-11 10:08:23.910</property>
<property name="lastModifier" class="ConfluenceUserImpl" package="com.atlassian.confluence.user"><id name="key"><![CDATA[2c91808386c486b10186c5ef7c520006]]></id>
</property>
<property name="lastModificationDate">2023-04-11 10:08:23.910</property>
</object>
<object class="SpacePermission" package="com.atlassian.confluence.security">
<id name="id">7045157</id>
<property name="space" class="Space" package="com.atlassian.confluence.spaces"><id name="id">6979586</id>
</property>
<property name="type"><![CDATA[CREATEATTACHMENT]]></property>
<property name="group"><![CDATA[confluence-users]]></property>
<property name="allUsersSubject"/><property name="creator" class="ConfluenceUserImpl" package="com.atlassian.confluence.user"><id name="key"><![CDATA[2c91808386c486b10186c5ef7c520006]]></id>
</property>
<property name="creationDate">2023-04-11 10:08:23.910</property>
<property name="lastModifier" class="ConfluenceUserImpl" package="com.atlassian.confluence.user"><id name="key"><![CDATA[2c91808386c486b10186c5ef7c520006]]></id>
</property>
<property name="lastModificationDate">2023-04-11 10:08:23.910</property>
</object>
<object class="SpacePermission" package="com.atlassian.confluence.security">
<id name="id">7045160</id>
<property name="space" class="Space" package="com.atlassian.confluence.spaces"><id name="id">6979586</id>
</property>
<property name="type"><![CDATA[EXPORTSPACE]]></property>
<property name="group"><![CDATA[confluence-users]]></property>
<property name="allUsersSubject"/><property name="creator" class="ConfluenceUserImpl" package="com.atlassian.confluence.user"><id name="key"><![CDATA[2c91808386c486b10186c5ef7c520006]]></id>
</property>
<property name="creationDate">2023-04-11 10:08:23.910</property>
<property name="lastModifier" class="ConfluenceUserImpl" package="com.atlassian.confluence.user"><id name="key"><![CDATA[2c91808386c486b10186c5ef7c520006]]></id>
</property>
<property name="lastModificationDate">2023-04-11 10:08:23.910</property>
</object>
<object class="SpacePermission" package="com.atlassian.confluence.security">
<id name="id">7045159</id>
<property name="space" class="Space" package="com.atlassian.confluence.spaces"><id name="id">6979586</id>
</property>
<property name="type"><![CDATA[EDITSPACE]]></property>
<property name="group"><![CDATA[confluence-users]]></property>
<property name="allUsersSubject"/><property name="creator" class="ConfluenceUserImpl" package="com.atlassian.confluence.user"><id name="key"><![CDATA[2c91808386c486b10186c5ef7c520006]]></id>
</property>
<property name="creationDate">2023-04-11 10:08:23.910</property>
<property name="lastModifier" class="ConfluenceUserImpl" package="com.atlassian.confluence.user"><id name="key"><![CDATA[2c91808386c486b10186c5ef7c520006]]></id>
</property>
<property name="lastModificationDate">2023-04-11 10:08:23.910</property>
</object>
<object class="SpacePermission" package="com.atlassian.confluence.security">
<id name="id">7045154</id>
<property name="space" class="Space" package="com.atlassian.confluence.spaces"><id name="id">6979586</id>
</property>
<property name="type"><![CDATA[REMOVEMAIL]]></property>
<property name="group"/><property name="userSubject" class="ConfluenceUserImpl" package="com.atlassian.confluence.user"><id name="key"><![CDATA[2c91808386c486b10186c5ef7c520006]]></id>
</property>
<property name="allUsersSubject"/><property name="creator" class="ConfluenceUserImpl" package="com.atlassian.confluence.user"><id name="key"><![CDATA[2c91808386c486b10186c5ef7c520006]]></id>
</property>
<property name="creationDate">2023-04-11 10:08:23.908</property>
<property name="lastModifier" class="ConfluenceUserImpl" package="com.atlassian.confluence.user"><id name="key"><![CDATA[2c91808386c486b10186c5ef7c520006]]></id>
</property>
<property name="lastModificationDate">2023-04-11 10:08:23.908</property>
</object>
<object class="BodyContent" package="com.atlassian.confluence.core">
<id name="id">7012363</id>
<property name="body"><![CDATA[<ac:layout><ac:layout-section ac:type="single"><ac:layout-cell>
<ac:structured-macro ac:name="tip" ac:schema-version="1" ac:macro-id="34f26e2f-188b-4086-b1fa-7ad680ec20c9"><ac:parameter ac:name="title">欢迎来到您的新空间！</ac:parameter><ac:rich-text-body><p>Confluence 空间非常适合用来与您的团队分享内容和消息。 这是您的主页。 现在这里显示最近的空间活动，但是您可以用您喜欢的任何方式来自定义这个页面。</p></ac:rich-text-body></ac:structured-macro><h2>完成这些任务后开始。</h2><ac:task-list>
<ac:task>
<ac:task-id>81</ac:task-id>
<ac:task-status>incomplete</ac:task-status>
<ac:task-body><strong>编辑这个主页</strong> - 点击屏幕右上方的<em>编辑</em>来自定义您的空间主页。</ac:task-body>
</ac:task>
<ac:task>
<ac:task-id>82</ac:task-id>
<ac:task-status>incomplete</ac:task-status>
<ac:task-body><strong>创建您的首个页面</strong> - 点击页头上的<em>创建</em>按钮开始。</ac:task-body>
</ac:task>
<ac:task>
<ac:task-id>83</ac:task-id>
<ac:task-status>incomplete</ac:task-status>
<ac:task-body><strong>给您的空间打上印记</strong> - 点击左侧面板上的<em>配置侧栏</em>来更新空间细节和标识。</ac:task-body>
</ac:task>
<ac:task>
<ac:task-id>84</ac:task-id>
<ac:task-status>incomplete</ac:task-status>
<ac:task-body><strong>设置权限</strong> - 点击左边侧栏上的<em>空间工具</em>来更新权限允许其他人访问。</ac:task-body>
</ac:task>
</ac:task-list><p>&nbsp;</p></ac:layout-cell></ac:layout-section><ac:layout-section ac:type="two_equal"><ac:layout-cell>
<h2>最近的空间活动</h2><p><ac:structured-macro ac:name="recently-updated" ac:schema-version="1" ac:macro-id="af8ca1b9-87e7-4182-b0e7-991e9d28b040"><ac:parameter ac:name="types">page, comment, blogpost</ac:parameter><ac:parameter ac:name="max">5</ac:parameter><ac:parameter ac:name="hideHeading">true</ac:parameter><ac:parameter ac:name="theme">social</ac:parameter></ac:structured-macro></p></ac:layout-cell><ac:layout-cell>
<h2>空间贡献者</h2><p><ac:structured-macro ac:name="contributors" ac:schema-version="1" ac:macro-id="53c7b2c7-c956-40e1-b99e-e5afcc8913b7"><ac:parameter ac:name="mode">list</ac:parameter><ac:parameter ac:name="scope">descendants</ac:parameter><ac:parameter ac:name="limit">5</ac:parameter><ac:parameter ac:name="showLastTime">true</ac:parameter><ac:parameter ac:name="order">update</ac:parameter></ac:structured-macro></p></ac:layout-cell></ac:layout-section><ac:layout-section ac:type="single"><ac:layout-cell>
<p>&nbsp;</p></ac:layout-cell></ac:layout-section></ac:layout>]]></property>
<property name="content" class="Page" package="com.atlassian.confluence.pages"><id name="id">6946833</id>
</property>
<property name="bodyType">2</property>
</object>
<object class="SpacePermission" package="com.atlassian.confluence.security">
<id name="id">7045153</id>
<property name="space" class="Space" package="com.atlassian.confluence.spaces"><id name="id">6979586</id>
</property>
<property name="type"><![CDATA[EXPORTSPACE]]></property>
<property name="group"/><property name="userSubject" class="ConfluenceUserImpl" package="com.atlassian.confluence.user"><id name="key"><![CDATA[2c91808386c486b10186c5ef7c520006]]></id>
</property>
<property name="allUsersSubject"/><property name="creator" class="ConfluenceUserImpl" package="com.atlassian.confluence.user"><id name="key"><![CDATA[2c91808386c486b10186c5ef7c520006]]></id>
</property>
<property name="creationDate">2023-04-11 10:08:23.908</property>
<property name="lastModifier" class="ConfluenceUserImpl" package="com.atlassian.confluence.user"><id name="key"><![CDATA[2c91808386c486b10186c5ef7c520006]]></id>
</property>
<property name="lastModificationDate">2023-04-11 10:08:23.908</property>
</object>
<object class="BodyContent" package="com.atlassian.confluence.core">
<id name="id">7012362</id>
<property name="body"><![CDATA[<ac:layout><ac:layout-section ac:type="single"><ac:layout-cell>
<ac:structured-macro ac:name="tip" ac:schema-version="1" ac:macro-id="34f26e2f-188b-4086-b1fa-7ad680ec20c9"><ac:parameter ac:name="title">欢迎来到您的新空间！</ac:parameter><ac:rich-text-body><p>Confluence 空间非常适合用来与您的团队分享内容和消息。 这是您的主页。 现在这里显示最近的空间活动，但是您可以用您喜欢的任何方式来自定义这个页面。</p></ac:rich-text-body></ac:structured-macro><h2>完成这些任务后开始。</h2><ac:task-list>
<ac:task>
<ac:task-id>81</ac:task-id>
<ac:task-status>incomplete</ac:task-status>
<ac:task-body><strong>编辑这个主页</strong> - 点击屏幕右上方的<em>编辑</em>来自定义您的空间主页。</ac:task-body>
</ac:task>
<ac:task>
<ac:task-id>82</ac:task-id>
<ac:task-status>incomplete</ac:task-status>
<ac:task-body><strong>创建您的首个页面</strong> - 点击页头上的<em>创建</em>按钮开始。</ac:task-body>
</ac:task>
<ac:task>
<ac:task-id>83</ac:task-id>
<ac:task-status>incomplete</ac:task-status>
<ac:task-body><strong>给您的空间打上印记</strong> - 点击左侧面板上的<em>配置侧栏</em>来更新空间细节和标识。</ac:task-body>
</ac:task>
<ac:task>
<ac:task-id>84</ac:task-id>
<ac:task-status>incomplete</ac:task-status>
<ac:task-body><strong>设置权限</strong> - 点击左边侧栏上的<em>空间工具</em>来更新权限允许其他人访问。</ac:task-body>
</ac:task>
</ac:task-list><p>&nbsp;</p></ac:layout-cell></ac:layout-section><ac:layout-section ac:type="two_equal"><ac:layout-cell>
<h2>最近的空间活动</h2><p><ac:structured-macro ac:name="recently-updated" ac:schema-version="1" ac:macro-id="af8ca1b9-87e7-4182-b0e7-991e9d28b040"><ac:parameter ac:name="types">page, comment, blogpost</ac:parameter><ac:parameter ac:name="max">5</ac:parameter><ac:parameter ac:name="hideHeading">true</ac:parameter><ac:parameter ac:name="theme">social</ac:parameter></ac:structured-macro></p></ac:layout-cell><ac:layout-cell>
<h2>空间贡献者</h2><p><ac:structured-macro ac:name="contributors" ac:schema-version="1" ac:macro-id="53c7b2c7-c956-40e1-b99e-e5afcc8913b7"><ac:parameter ac:name="mode">list</ac:parameter><ac:parameter ac:name="scope">descendants</ac:parameter><ac:parameter ac:name="limit">5</ac:parameter><ac:parameter ac:name="showLastTime">true</ac:parameter><ac:parameter ac:name="order">update</ac:parameter></ac:structured-macro></p></ac:layout-cell></ac:layout-section><ac:layout-section ac:type="single"><ac:layout-cell>
<p>&nbsp;</p></ac:layout-cell></ac:layout-section></ac:layout>]]></property>
<property name="content" class="Page" package="com.atlassian.confluence.pages"><id name="id">6946832</id>
</property>
<property name="bodyType">2</property>
</object>
<object class="SpacePermission" package="com.atlassian.confluence.security">
<id name="id">7045156</id>
<property name="space" class="Space" package="com.atlassian.confluence.spaces"><id name="id">6979586</id>
</property>
<property name="type"><![CDATA[COMMENT]]></property>
<property name="group"><![CDATA[confluence-users]]></property>
<property name="allUsersSubject"/><property name="creator" class="ConfluenceUserImpl" package="com.atlassian.confluence.user"><id name="key"><![CDATA[2c91808386c486b10186c5ef7c520006]]></id>
</property>
<property name="creationDate">2023-04-11 10:08:23.910</property>
<property name="lastModifier" class="ConfluenceUserImpl" package="com.atlassian.confluence.user"><id name="key"><![CDATA[2c91808386c486b10186c5ef7c520006]]></id>
</property>
<property name="lastModificationDate">2023-04-11 10:08:23.910</property>
</object>
<object class="SpacePermission" package="com.atlassian.confluence.security">
<id name="id">7045155</id>
<property name="space" class="Space" package="com.atlassian.confluence.spaces"><id name="id">6979586</id>
</property>
<property name="type"><![CDATA[SETPAGEPERMISSIONS]]></property>
<property name="group"/><property name="userSubject" class="ConfluenceUserImpl" package="com.atlassian.confluence.user"><id name="key"><![CDATA[2c91808386c486b10186c5ef7c520006]]></id>
</property>
<property name="allUsersSubject"/><property name="creator" class="ConfluenceUserImpl" package="com.atlassian.confluence.user"><id name="key"><![CDATA[2c91808386c486b10186c5ef7c520006]]></id>
</property>
<property name="creationDate">2023-04-11 10:08:23.908</property>
<property name="lastModifier" class="ConfluenceUserImpl" package="com.atlassian.confluence.user"><id name="key"><![CDATA[2c91808386c486b10186c5ef7c520006]]></id>
</property>
<property name="lastModificationDate">2023-04-11 10:08:23.908</property>
</object>
<object class="SpacePermission" package="com.atlassian.confluence.security">
<id name="id">7045150</id>
<property name="space" class="Space" package="com.atlassian.confluence.spaces"><id name="id">6979586</id>
</property>
<property name="type"><![CDATA[CREATEATTACHMENT]]></property>
<property name="group"/><property name="userSubject" class="ConfluenceUserImpl" package="com.atlassian.confluence.user"><id name="key"><![CDATA[2c91808386c486b10186c5ef7c520006]]></id>
</property>
<property name="allUsersSubject"/><property name="creator" class="ConfluenceUserImpl" package="com.atlassian.confluence.user"><id name="key"><![CDATA[2c91808386c486b10186c5ef7c520006]]></id>
</property>
<property name="creationDate">2023-04-11 10:08:23.908</property>
<property name="lastModifier" class="ConfluenceUserImpl" package="com.atlassian.confluence.user"><id name="key"><![CDATA[2c91808386c486b10186c5ef7c520006]]></id>
</property>
<property name="lastModificationDate">2023-04-11 10:08:23.908</property>
</object>
<object class="SpacePermission" package="com.atlassian.confluence.security">
<id name="id">7045149</id>
<property name="space" class="Space" package="com.atlassian.confluence.spaces"><id name="id">6979586</id>
</property>
<property name="type"><![CDATA[REMOVEBLOG]]></property>
<property name="group"/><property name="userSubject" class="ConfluenceUserImpl" package="com.atlassian.confluence.user"><id name="key"><![CDATA[2c91808386c486b10186c5ef7c520006]]></id>
</property>
<property name="allUsersSubject"/><property name="creator" class="ConfluenceUserImpl" package="com.atlassian.confluence.user"><id name="key"><![CDATA[2c91808386c486b10186c5ef7c520006]]></id>
</property>
<property name="creationDate">2023-04-11 10:08:23.908</property>
<property name="lastModifier" class="ConfluenceUserImpl" package="com.atlassian.confluence.user"><id name="key"><![CDATA[2c91808386c486b10186c5ef7c520006]]></id>
</property>
<property name="lastModificationDate">2023-04-11 10:08:23.908</property>
</object>
<object class="SpacePermission" package="com.atlassian.confluence.security">
<id name="id">7045152</id>
<property name="space" class="Space" package="com.atlassian.confluence.spaces"><id name="id">6979586</id>
</property>
<property name="type"><![CDATA[EDITBLOG]]></property>
<property name="group"/><property name="userSubject" class="ConfluenceUserImpl" package="com.atlassian.confluence.user"><id name="key"><![CDATA[2c91808386c486b10186c5ef7c520006]]></id>
</property>
<property name="allUsersSubject"/><property name="creator" class="ConfluenceUserImpl" package="com.atlassian.confluence.user"><id name="key"><![CDATA[2c91808386c486b10186c5ef7c520006]]></id>
</property>
<property name="creationDate">2023-04-11 10:08:23.908</property>
<property name="lastModifier" class="ConfluenceUserImpl" package="com.atlassian.confluence.user"><id name="key"><![CDATA[2c91808386c486b10186c5ef7c520006]]></id>
</property>
<property name="lastModificationDate">2023-04-11 10:08:23.908</property>
</object>
<object class="SpacePermission" package="com.atlassian.confluence.security">
<id name="id">7045151</id>
<property name="space" class="Space" package="com.atlassian.confluence.spaces"><id name="id">6979586</id>
</property>
<property name="type"><![CDATA[REMOVEATTACHMENT]]></property>
<property name="group"/><property name="userSubject" class="ConfluenceUserImpl" package="com.atlassian.confluence.user"><id name="key"><![CDATA[2c91808386c486b10186c5ef7c520006]]></id>
</property>
<property name="allUsersSubject"/><property name="creator" class="ConfluenceUserImpl" package="com.atlassian.confluence.user"><id name="key"><![CDATA[2c91808386c486b10186c5ef7c520006]]></id>
</property>
<property name="creationDate">2023-04-11 10:08:23.908</property>
<property name="lastModifier" class="ConfluenceUserImpl" package="com.atlassian.confluence.user"><id name="key"><![CDATA[2c91808386c486b10186c5ef7c520006]]></id>
</property>
<property name="lastModificationDate">2023-04-11 10:08:23.908</property>
</object>
<object class="SpacePermission" package="com.atlassian.confluence.security">
<id name="id">7045146</id>
<property name="space" class="Space" package="com.atlassian.confluence.spaces"><id name="id">6979586</id>
</property>
<property name="type"><![CDATA[SETSPACEPERMISSIONS]]></property>
<property name="group"/><property name="userSubject" class="ConfluenceUserImpl" package="com.atlassian.confluence.user"><id name="key"><![CDATA[2c91808386c486b10186c5ef7c520006]]></id>
</property>
<property name="allUsersSubject"/><property name="creator" class="ConfluenceUserImpl" package="com.atlassian.confluence.user"><id name="key"><![CDATA[2c91808386c486b10186c5ef7c520006]]></id>
</property>
<property name="creationDate">2023-04-11 10:08:23.908</property>
<property name="lastModifier" class="ConfluenceUserImpl" package="com.atlassian.confluence.user"><id name="key"><![CDATA[2c91808386c486b10186c5ef7c520006]]></id>
</property>
<property name="lastModificationDate">2023-04-11 10:08:23.908</property>
</object>
<object class="SpacePermission" package="com.atlassian.confluence.security">
<id name="id">7045145</id>
<property name="space" class="Space" package="com.atlassian.confluence.spaces"><id name="id">6979586</id>
</property>
<property name="type"><![CDATA[EDITSPACE]]></property>
<property name="group"/><property name="userSubject" class="ConfluenceUserImpl" package="com.atlassian.confluence.user"><id name="key"><![CDATA[2c91808386c486b10186c5ef7c520006]]></id>
</property>
<property name="allUsersSubject"/><property name="creator" class="ConfluenceUserImpl" package="com.atlassian.confluence.user"><id name="key"><![CDATA[2c91808386c486b10186c5ef7c520006]]></id>
</property>
<property name="creationDate">2023-04-11 10:08:23.908</property>
<property name="lastModifier" class="ConfluenceUserImpl" package="com.atlassian.confluence.user"><id name="key"><![CDATA[2c91808386c486b10186c5ef7c520006]]></id>
</property>
<property name="lastModificationDate">2023-04-11 10:08:23.908</property>
</object>
<object class="SpacePermission" package="com.atlassian.confluence.security">
<id name="id">7045148</id>
<property name="space" class="Space" package="com.atlassian.confluence.spaces"><id name="id">6979586</id>
</property>
<property name="type"><![CDATA[REMOVECOMMENT]]></property>
<property name="group"/><property name="userSubject" class="ConfluenceUserImpl" package="com.atlassian.confluence.user"><id name="key"><![CDATA[2c91808386c486b10186c5ef7c520006]]></id>
</property>
<property name="allUsersSubject"/><property name="creator" class="ConfluenceUserImpl" package="com.atlassian.confluence.user"><id name="key"><![CDATA[2c91808386c486b10186c5ef7c520006]]></id>
</property>
<property name="creationDate">2023-04-11 10:08:23.908</property>
<property name="lastModifier" class="ConfluenceUserImpl" package="com.atlassian.confluence.user"><id name="key"><![CDATA[2c91808386c486b10186c5ef7c520006]]></id>
</property>
<property name="lastModificationDate">2023-04-11 10:08:23.908</property>
</object>
<object class="SpacePermission" package="com.atlassian.confluence.security">
<id name="id">7045147</id>
<property name="space" class="Space" package="com.atlassian.confluence.spaces"><id name="id">6979586</id>
</property>
<property name="type"><![CDATA[REMOVEPAGE]]></property>
<property name="group"/><property name="userSubject" class="ConfluenceUserImpl" package="com.atlassian.confluence.user"><id name="key"><![CDATA[2c91808386c486b10186c5ef7c520006]]></id>
</property>
<property name="allUsersSubject"/><property name="creator" class="ConfluenceUserImpl" package="com.atlassian.confluence.user"><id name="key"><![CDATA[2c91808386c486b10186c5ef7c520006]]></id>
</property>
<property name="creationDate">2023-04-11 10:08:23.908</property>
<property name="lastModifier" class="ConfluenceUserImpl" package="com.atlassian.confluence.user"><id name="key"><![CDATA[2c91808386c486b10186c5ef7c520006]]></id>
</property>
<property name="lastModificationDate">2023-04-11 10:08:23.908</property>
</object>
<object class="BodyContent" package="com.atlassian.confluence.core">
<id name="id">7012361</id>
<property name="body"><![CDATA[]]></property>
<property name="content" class="SpaceDescription" package="com.atlassian.confluence.spaces"><id name="id">6946831</id>
</property>
<property name="bodyType">0</property>
</object>
<object class="ConfluenceUserImpl" package="com.atlassian.confluence.user">
<id name="key"><![CDATA[2c9180838576a4eb018576a6582c0000]]></id>
<property name="name"><![CDATA[admin]]></property>
<property name="lowerName"><![CDATA[admin]]></property>
<property name="email"><![CDATA[gaoshuang@ones.ai]]></property>
</object>
</hibernate-generic>